{
  "version": "1.1.0",
  "manifest_version": 2,
  "name": "Themer",
  "theme": {
    "colors": {
      "bookmark_text": [
        251,
        241,
        199
      ],
      "frame": [
        40,
        40,
        40
      ],
      "ntp_background": [
        60,
        56,
        54
      ],
      "ntp_text": [
        251,
        241,
        199
      ],
      "tab_background_text": [
        251,
        241,
        199
      ],
      "tab_background_text_inactive": [
        251,
        241,
        199
      ],
      "tab_background_text_incognito": [
        251,
        241,
        199
      ],
      "tab_background_text_incognito_inactive": [
        251,
        241,
        199
      ],
      "tab_text": [
        251,
        241,
        199
      ],
      "toolbar": [
        60,
        56,
        54
      ]
    },
    "tints": {
      "buttons": [
        0.4362745098039214,
        0.5,
        0.5
      ],
      "frame_inactive": [
        -1,
        -1,
        -1
      ],
      "frame_incognito": [
        0.9545454545454545,
        1,
        0.55
      ],
      "frame_incognito_inactive": [
        0.9545454545454545,
        1,
        0.55
      ]
    }
  }
}
